{
    "shared_item_grid": {
        "type": "array",
        "orientation": "horizontal",
        "content": [
            {
                "type": "itemgrid",
                "h_alignment": "left",
                "item_margin": "1,2",
                "item_size": 60,
                "rows": [
                    ["grenade", "wall_jump", "charge_flame", "double_jump", "bash"],
                    ["stomp", "glide", "climb", "charge_jump", "dash"],
                    ["Water_vein", "Clean_water", "Gumon_seal", "Wind", "Sunstone"],
                    ["gladesTP", "hollowTP", "swampTP", "grottoTP", "ginsoTP"],
                    ["valleyTP", "forlornTP", "sorrowTP", "horuTP", "burrowsTP"],
                    ["wall_jump_tree", "charge_flame_tree", "double_jump_tree", "bash_tree", "stomp_tree"],
                    ["climb_tree", "charge_jump_tree", "grenade_tree", "dash_tree", "difficulty"]
                ]
            }
        ]
    },
    "consumables": {
        "type": "array", 
        "orientation": "horizontal",
        "content": [
            {
                "type": "itemgrid",
                "h_alignment": "left",
                "item_margin": "1,2",
                "item_size": 60,
                "rows": [
                    ["healthCell", "energyCell", "mapstone", "keystone"]
                ]
            }
        ]
    },
    "brodcast": {
        "type": "array",
        "orientation": "horizontal",
        "content": [
            {
                "type": "itemgrid",
                "h_alignment": "left",
                "item_margin": "1,2",
                "item_size": 60,
                "rows": [
                    ["grenade", "wall_jump", "charge_flame", "double_jump", "bash"],
                    ["stomp", "glide", "climb", "charge_jump", "dash"],
                    ["Water_vein", "Clean_water", "Gumon_seal", "Wind", "Sunstone"],
                    ["gladesTP", "hollowTP", "swampTP", "grottoTP", "ginsoTP"],
                    ["valleyTP", "forlornTP", "sorrowTP", "horuTP", "burrowsTP"],
                    ["wall_jump_tree", "charge_flame_tree", "double_jump_tree", "bash_tree", "stomp_tree"],
                    ["climb_tree", "charge_jump_tree", "grenade_tree", "dash_tree", "difficulty"],
                    ["lifeCell", "energyCell", "mapstone", "keystone"]
                ]
            }
        ]
    }
}