﻿{
    "tracker_default": {
        "type": "container",
        "background": "#877373",
        "content": {
            "type": "dock",
            "dropshadow": true,
            "content": [
                {
                    "type": "dock",
                    "dock": "left",
                    "h_alignment": "stretch",
                    "content": [
                        {
                            "type": "group",
                            "header": "Items",
                            "dock": "top",
                            "header_content": {
                                "type": "button_popup",
                                "style": "settings",
                                "popup_background": "#55212121",
                                "layout": "settings_popup"
                            },
                            "content": {
                                "type": "layout",
                                "key": "shared_item_grid"
                            }
                        },
                        {
                            "type": "group",
                            "header": "Collectables",
                            "dock": "top",
                            "content": {
                                "type": "layout",
                                "key": "consumables"
                            }
                        }
                    ]
                },
                {
                    "type": "tabbed",
                    "tabs": [
                        {
                            "title": "Nibel",
                            "content": {
                                "type": "map",
                                "maps": ["Nibel"]
                            }
                        },
                        {
                            "title": "Sunken Glades",
                            "content": {
                                "type": "map",
                                "maps": ["Sunken Glades"]
                            }
                        },
                        {
                            "title": "Hollow Grove",
                            "content": {
                                "type": "map",
                                "maps": ["Hollow Grove"]
                            }
                        },
                        {
                            "title": "Moon Grotto",
                            "content": {
                                "type": "map",
                                "maps": ["Moon Grotto"]
                            }
                        },
                        {
                            "title": "Ginso Tree",
                            "content": {
                                "type": "map",
                                "maps": ["Ginso Tree"]
                            }
                        },
                        {
                            "title": "Thornfelt Swamp",
                            "content": {
                                "type": "map",
                                "maps": ["Thornfelt Swamp"]
                            }
                        },
                        {
                            "title": "Valley of the Wind",
                            "content": {
                                "type": "map",
                                "maps": ["Valley of the Wind"]
                            }
                        },
                        {
                            "title": "Misty Woods",
                            "content": {
                                "type": "map",
                                "maps": ["Misty Woods"]
                            }
                        },
                        {
                            "title": "Forlorn Ruins",
                            "content": {
                                "type": "map",
                                "maps": ["Forlorn Ruins"]
                            }
                        },
                        {
                            "title": "Sorrow Pass",
                            "content": {
                                "type": "map",
                                "maps": ["Sorrow Pass"]
                            }
                        },
                        {
                            "title": "Mount Horu",
                            "content": {
                                "type": "map",
                                "maps": ["Mount Horu"]
                            }
                        },
                        {
                            "title": "Black Root Burrows",
                            "content": {
                                "type": "map",
                                "maps": ["Black Root Burrows"]
                            }
                        }
                    ]
                }   
            ]
        }
    }

}