[
    {
        "name": "Nibel",
        "location_size": 48,
        "location_border_thickness": 4,
        "img": "images/maps/full_map.png"
    },
    {
        "name": "Sunken Glades",
        "location_size": 16,
        "location_border_thickness": 1,
        "img": "images/maps/sunken_glades.png"
    },
    {
        "name": "Hollow Grove",
        "location_size": 16,
        "location_border_thickness": 1,
        "img": "images/maps/hollow_grove.png"
    },
    {
        "name": "Moon Grotto",
        "location_size": 16,
        "location_border_thickness": 1,
        "img": "images/maps/moon_grotto.png"
    },
    {
        "name": "Ginso Tree",
        "location_size": 10,
        "location_border_thickness": 1,
        "img": "images/maps/ginso_tree.png"
    },
    {
        "name": "Thornfelt Swamp",
        "location_size": 16,
        "location_border_thickness": 1,
        "img": "images/maps/thornfelt_swamp.png"
    },
    {
        "name": "Valley of the Wind",
        "location_size": 12,
        "location_border_thickness": 1,
        "img": "images/maps/valley_wind.png"
    },
    {
        "name": "Misty Woods",
        "location_size": 12,
        "location_border_thickness": 1,
        "img": "images/maps/misty_wood.png"
    },
    {
        "name": "Forlorn Ruins",
        "location_size": 16,
        "location_border_thickness": 1,
        "img": "images/maps/forlorn_ruins.png"
    },
    {
        "name": "Sorrow Pass",
        "location_size": 10,
        "location_border_thickness": 1,
        "img": "images/maps/sorrow_pass.png"
    },
    {
        "name": "Mount Horu",
        "location_size": 16,
        "location_border_thickness": 1,
        "img": "images/maps/mount_horu.png"
    },
    {
        "name": "Black Root Burrows",
        "location_size": 16,
        "location_border_thickness": 1,
        "img": "images/maps/black_roots.png"
    }
]