[
    {
        "name": "Difficulty",
        "type": "consumable",
        "img": "images/items/Difficulty.png",
        "max_quantity": 4,
        "codes": "difficulty"
    },
    {
        "name": "Free",
        "type": "consumable",
        "codes": "free"
    },

    {
        "name": "Spirit Flame",
        "type": "toggle",
        "img": "images/items/InventorySpiritFlameIcon.png",
        "codes": "spirit_flame"
    },
    {
        "name": "Wall Jump",
		"type": "toggle",	
		"img":"images/items/InventoryWallJumpIcon.png",
		"codes": "wall_jump, WallJump"
    },
    {
        "name": "Charge Flame",
		"type": "toggle",
		"img": "images/items/InventoryChargeFlameIcon.png",
		"codes": "charge_flame, ChargeFlame"
    },
    {
        "name": "Double Jump",
        "type": "toggle",
        "img": "images/items/InventoryDoubleJumpIcon.png",
        "codes": "double_jump, DoubleJump"
    },
    {
        "name": "Bash",
        "type": "toggle",    
        "img": "images/items/InventoryBashIcon.png",
        "codes": "bash, Bash"
    },
    {
        "name": "Stomp",
        "type": "toggle", 
        "img": "images/items/InventoryStompIcon.png",
        "codes": "stomp, Stomp"
    },
    {
        "name": "Kuro's Feather",
        "type": "toggle",
        "img": "images/items/InventoryGlideIcon.png",
        "codes": "glide, Glide"
    },
    {
        "name": "Climb",
        "type": "toggle",  
        "img": "images/items/InventoryClimbIcon.png",
        "codes": "climb, Climb"
    },
    {
        "name": "Charge Jump",
        "type": "toggle",
        "img": "images/items/InventoryChargeJumpIcon.png",
        "codes": "charge_jump, ChargeJump"
    },
    {
        "name": "Dash",
        "type": "toggle",
        "img": "images/items/InventoryDashIcon.png",
        "codes": "dash, Dash"
    },
    {
        "name": "Light Burst",
        "type": "toggle",
        "img": "images/items/InventoryGrenadeIcon.png",
        "codes": "light_burst, grenade, Grenade"
    },

    {
        "name": "Water Vein",
        "type": "toggle",
        "img": "images/items/GravityElementPlaceholderA.png",
        "codes": "water_vein, GinsoKey"
    },
    {
        "name": "Clean Water",
        "type": "toggle",
        "img": "images/items/CleanWater.png",
        "codes": "Clean_water, CleanWater"
    },
    {
        "name": "Gumon Seal",
        "type": "toggle",
        "img": "images/items/GumonSealForlornRuinsEntranceDoorShard.png",
        "codes": "Gumon_seal, ForlornKey"
    },
    {
        "name": "Wind Restored",
        "type": "toggle",
        "img": "images/items/WindRestored.png",
        "codes": "Wind"
    },
    {
        "name": "Sunstone",
        "type": "toggle",
        "img": "images/items/SunstoneA.png",
        "codes": "Sunstone, HoruKey"
    },
    {
        "name": "Hollow Grove",
        "type": "toggle",
        "img": "images/items/Teleporter_map_icon.png",
        "codes": "hollowTP, TPGrove"
    },
    {
        "name": "Thornefelt Swamp",
        "type": "toggle",
        "img": "images/items/Teleporter_map_icon.png",
        "codes": "swampTP, TPSwamp"
    },
    {
        "name": "Moon Grotto",
        "type": "toggle",
        "img": "images/items/Teleporter_map_icon.png",
        "codes": "grottoTP, TPGrotto"
    },
    {
        "name": "Ginso Tree",
        "type": "toggle",
        "img": "images/items/Teleporter_map_icon.png",
        "codes": "ginsoTP, TPGinso"
    },
    {
        "name": "Valley of the Wind",
        "type": "toggle",
        "img": "images/items/Teleporter_map_icon.png",
        "codes": "valleyTP, TPValley"
    },
    {
        "name": "Forlorn Ruins",
        "type": "toggle",
        "img": "images/items/Teleporter_map_icon.png",
        "codes": "forlornTP, TPForlorn"
    },
    {
        "name": "Sorrow Pass",
        "type": "toggle",
        "img": "images/items/Teleporter_map_icon.png",
        "codes": "sorrowTP, TPSorrow"
    },
    {
        "name": "Mount Horu",
        "type": "toggle",
        "img": "images/items/Teleporter_map_icon.png",
        "codes": "horuTP, TPHoru"
    },
    {
        "name": "Black Root Burrows",
        "type": "toggle",
        "img": "images/items/Teleporter_map_icon.png",
        "codes": "burrowsTP, TPBlackroot"
    },
    {
        "name": "Sunken Glades",
        "type": "toggle",
        "img": "images/items/Teleporter_map_icon.png",
        "codes": "gladesTP, TPGlades"
    },

    {
        "name": "Bash Tree",
        "type": "toggle",
        "img": "images/items/Ancestor_Tree_map_icon.png",
        "codes": "bash_tree"
    },
    {
        "name": "Charge Flame Tree",
        "type": "toggle",
        "img": "images/items/Ancestor_Tree_map_icon.png",
        "codes": "charge_flame_tree"
    },
    {
        "name": "Charge Jump Tree",
        "type": "toggle",
        "img": "images/items/Ancestor_Tree_map_icon.png",
        "codes": "charge_jump_tree"
    },
    {
        "name": "Climb Tree",
        "type": "toggle",
        "img": "images/items/Ancestor_Tree_map_icon.png",
        "codes": "climb_tree"
    },
    {
        "name": "Dash Tree",
        "type": "toggle",
        "img": "images/items/Ancestor_Tree_map_icon.png",
        "codes": "dash_tree"
    },
    {
        "name": "Double Jump Tree",
        "type": "toggle",
        "img": "images/items/Ancestor_Tree_map_icon.png",
        "codes": "double_jump_tree"
    },
    {
        "name": "Wall Jump Tree",
        "type": "toggle",
        "img": "images/items/Ancestor_Tree_map_icon.png",
        "codes": "wall_jump_tree, WallJumpSkillTree"
    },
    {
        "name": "Stomp Tree",
        "type": "toggle", 
        "img": "images/items/Ancestor_Tree_map_icon.png",
        "codes": "stomp_tree"
    },
    {
        "name": "Grenade Tree",
        "type": "toggle",
        "img": "images/items/Ancestor_Tree_map_icon.png",
        "codes": "grenade_tree"
    },
    {
        "name": "Health Cell",
        "type": "consumable",
        "increment": 1,
        "initial_quantity": 0,
        "img": "images/items/LifeCellPickup.png",
        "codes": "healthCell, HealthCell"
    },
    {
        "name": "Energy Cell",
        "type": "consumable",
        "increment": 1,
        "decrement": 1,
        "initial_quantity": 0,
        "img": "images/items/EnergyCell.png",
        "codes": "energyCell,EnergyCell"
    },
    {
        "name": "Map Stone",
        "type": "consumable",
        "increment": 1,
        "decrement": 1,
        "img": "images/items/MapStonePickup.png",
        "codes": "mapstone"
    },
    {
        "name": "Keystone",
        "type": "consumable",
        "increment": 1,
        "decrement": 1,
        "max_quantity": 500,
        "img": "images/items/Keystone_map_icon.png",
        "codes": "keystone, KeyStone"
    },
    {
        "name": "Experience Level",
        "type": "consumable",
        "increment": 1,
        "decrement": 1,
        "codes": "abilityCell"
    },
    {
        "name": "AllTreesGoal",
        "type": "consumable",
        "increment": 1,
        "codes": "TreesTotal"
    }

]   